author,campaigns,creatives,total_spend,total_revenue,total_profit,avg_roi,success_rate
Andrii,51,51,3099.41,4625.3639,1525.9539,1.489934640522876,96.1
Artem,58,58,3625.74,5450.9865,1825.2465,1.5070114942528736,98.3
Dima,58,56,3496.79,5419.8451000000005,1923.0551,1.527183908045977,98.3
Vasyl,55,54,3246.26,4790.1051,1543.8451,1.4633333333333334,96.4
Yuliia,61,58,3710.95,5775.0653,2064.1153,1.5489071038251365,98.4
