author,campaigns,creatives,total_spend,total_revenue,total_profit,avg_roi,success_rate
Andrii,51,51,9298.23,13876.091699999999,4577.8616999999995,1.4899346405228757,96.1
Artem,58,58,10877.22,16352.9595,5475.7395,1.5070114942528734,98.3
Dima,58,56,10490.37,16259.5353,5769.1653,1.527183908045977,98.3
Vasyl,55,54,9738.78,14370.3153,4631.5353,1.4633333333333334,96.4
Yuliia,61,58,11132.85,17325.1959,6192.345899999999,1.5489071038251367,98.4
